CustomerKey,CustomerID,Name,Address,PreferredPaymentMethod,CreditLimit
1,1,Pavla,Unknown,PayPal,52.72
2,2,Daune,02046 Ridgeview Court,Debit Card,31.87
3,3,Nevile,99 Hudson Place,Credit Card,57.35
4,4,Eustace,1 Haas Trail,Cash,72.25
5,5,Elga,47979 Grayhawk Point,Credit Card,22.53
6,6,Murray,43 Ronald Regan Circle,Debit Card,42.29
7,7,Lem,01 Rieder Hill,Credit Card,52.72
8,8,Reube,760 Stephen Center,Debit Card,38.13
9,9,Sergeant,8 Cordelia Avenue,Credit Card,88.57
10,10,Valeria,Unknown,Unknown,60.73
11,11,Dory,Unknown,PayPal,87.32
12,12,Dwight,66 Chinook Avenue,Cash,44.61
13,13,Liliane,811 Dayton Point,Cash,84.35
14,14,Juditha,2479 Carberry Drive,Credit Card,42.38
15,15,Claudianus,476 Anzinger Park,Debit Card,99.4
16,16,Sayres,9 Michigan Hill,Credit Card,32.9
17,17,Leslie,4 Briar Crest Pass,Unknown,52.72
18,18,Waring,34765 Lotheville Avenue,Cash,82.65
19,19,Xenia,44778 Hoard Place,Cash,50.94
20,20,Jermaine,Unknown,PayPal,74.84
21,21,Lucais,Unknown,PayPal,98.66
22,22,Ritchie,1 Thackeray Avenue,Debit Card,77.66
23,23,Washington,76 Ruskin Crossing,Credit Card,88.37
24,24,Eddy,Unknown,Cash,80.06
25,25,Lief,639 Dottie Hill,Debit Card,88.41
26,26,Talbot,7807 Tennyson Junction,Credit Card,98.65
27,27,Lawton,51 Weeping Birch Junction,Credit Card,52.72
28,28,Iormina,476 Kinsman Lane,PayPal,80.54
29,29,Abbey,3606 Mendota Park,Debit Card,57.93
30,30,Sonia,171 Hudson Court,Credit Card,52.72
31,31,Marcela,Unknown,Debit Card,83.32
32,32,Findlay,Unknown,Unknown,55.6
33,33,Marcus,698 Pearson Alley,Cash,57.06
34,34,Talbot,0966 Fairview Terrace,PayPal,23.25
35,35,Gunar,1345 Anthes Place,Cash,28.33
36,36,Walt,02 Moulton Plaza,PayPal,35.74
37,37,Francesca,42 Red Cloud Center,Unknown,64.6
38,38,Jocelin,388 Shopko Place,Debit Card,52.72
39,39,Stormy,14798 Hauk Hill,Debit Card,77.12
40,40,Terza,19 Lighthouse Bay Way,Credit Card,52.72
41,41,Kelby,Unknown,Debit Card,52.72
42,42,Baxy,54938 Garrison Trail,Debit Card,35.5
43,43,Kat,Unknown,Debit Card,60.68
44,44,Neils,Unknown,PayPal,32.29
45,45,Inna,4683 Maple Wood Road,PayPal,55.14
46,46,Hillary,176 Bunting Crossing,Unknown,58.79
47,47,Katleen,75 1st Street,Credit Card,25.44
48,48,Deny,Unknown,PayPal,12.2
49,49,Evvie,2 Kedzie Court,PayPal,52.72
50,50,Fancy,129 Vahlen Junction,PayPal,22.05
51,51,Constantia,18277 Clemons Point,Debit Card,47.16
52,52,Silvana,301 Aberg Alley,Unknown,52.72
53,53,Melina,5 Arrowood Place,Debit Card,49.91
54,54,Taite,Unknown,Debit Card,52.95
55,55,Truda,3 Magdeline Trail,Credit Card,48.18
56,56,Dick,Unknown,PayPal,46.45
57,57,Sherman,2 Bashford Circle,Credit Card,18.04
58,58,Noak,7 Oriole Park,Debit Card,54.92
59,59,Phillipp,0 Lake View Lane,PayPal,52.72
60,60,Marylinda,5 Service Park,Cash,52.72
61,61,Bev,679 Paget Place,Credit Card,53.56
62,62,Maddy,9562 Hauk Terrace,Unknown,77.24
63,63,Willie,Unknown,Credit Card,87.09
64,64,Elvira,237 Anniversary Crossing,PayPal,51.12
65,65,Lynn,635 Eagan Lane,Debit Card,57.95
66,66,Loutitia,7 Hoffman Hill,Debit Card,37.41
67,67,Shanan,Unknown,Credit Card,58.72
68,68,Pattie,Unknown,Cash,48.68
69,69,Sukey,Unknown,Unknown,52.78
70,70,Faydra,Unknown,Unknown,88.65
71,71,Carine,5 Gina Circle,Cash,32.89
72,72,Natasha,Unknown,Debit Card,42.65
73,73,Zulema,0800 Hoffman Avenue,PayPal,76.33
74,74,Tiphani,4 Schmedeman Place,Credit Card,27.04
75,75,Tremain,Unknown,Cash,68.55
76,76,Harriett,Unknown,Cash,92.0
77,77,Huntington,0 International Avenue,PayPal,42.76
78,78,Zarah,Unknown,Unknown,45.15
79,79,Piggy,3870 Scoville Street,Debit Card,89.46
80,80,Gerti,0206 Village Alley,Cash,51.97
81,81,Vinson,26304 North Way,PayPal,47.87
82,82,Nataniel,Unknown,Credit Card,72.13
83,83,Bo,6 Scott Street,PayPal,76.92
84,84,Courtney,28303 Dawn Pass,Cash,46.02
85,85,Kristina,10 Dahle Terrace,Debit Card,52.72
86,86,Arvin,07 Fairfield Way,PayPal,34.61
87,87,Catriona,52 Anniversary Junction,PayPal,52.72
88,88,Lita,907 Schlimgen Alley,Credit Card,35.27
89,89,Andonis,Unknown,Credit Card,48.67
90,90,Chelsae,37 Rusk Park,Debit Card,50.75
91,91,Oriana,93126 Farmco Crossing,Cash,86.65
92,92,Ema,054 Emmet Circle,Cash,80.83
93,93,Lawrence,2501 Hollow Ridge Park,Credit Card,61.3
94,94,Mead,1780 Jay Place,Debit Card,52.72
95,95,Berti,936 Moose Pass,PayPal,74.21
96,96,Ernestine,36237 New Castle Road,Credit Card,52.72
97,97,Fayth,1401 Fairfield Junction,Cash,20.16
98,98,Armando,87 Fremont Point,PayPal,30.65
99,99,Bryon,Unknown,PayPal,52.72
100,100,Bartlet,Unknown,Credit Card,89.92
101,101,Alexia,3 Vernon Trail,Cash,79.81
102,102,Hilliary,006 Porter Circle,Cash,61.96
103,103,Kale,0034 Prentice Pass,Cash,52.72
104,104,Cliff,120 Erie Avenue,Credit Card,77.11
105,105,Thedrick,25 Walton Junction,Debit Card,47.37
106,106,Joella,Unknown,Credit Card,95.12
107,107,Cyndi,39624 Shoshone Place,Unknown,29.06
108,108,Lorrin,79702 Randy Pass,Cash,84.06
109,109,Alaric,7298 Esker Hill,Credit Card,19.9
110,110,Marven,0 Namekagon Point,Debit Card,83.13
111,111,Fenelia,92064 Colorado Road,Credit Card,52.72
112,112,Inness,1 Logan Center,Cash,42.48
113,113,Steffie,81 Larry Trail,PayPal,52.72
114,114,Jemimah,68 Tony Parkway,PayPal,44.41
115,115,Marielle,427 Susan Lane,PayPal,52.72
116,116,Mahmoud,681 David Plaza,Debit Card,62.75
117,117,Tito,058 Canary Trail,Credit Card,13.6
118,118,Ange,6565 Maywood Junction,Cash,42.35
119,119,Jaye,59830 Morrow Pass,Cash,46.5
120,120,Adan,14881 Center Park,PayPal,59.46
121,121,Morgen,61 Warrior Trail,PayPal,93.3
122,122,Max,397 Dryden Terrace,Debit Card,12.5
123,123,Innis,2839 Vernon Alley,Credit Card,28.45
124,124,Moshe,8796 Merchant Point,Cash,81.05
125,125,Jorey,8 High Crossing Court,Debit Card,52.72
126,126,Sherline,Unknown,Cash,53.93
127,127,Georas,908 Badeau Circle,Credit Card,37.59
128,128,Briant,474 Charing Cross Plaza,Credit Card,97.97
129,129,Kippie,4885 Jenifer Drive,Cash,52.72
130,130,Bordy,12 Hauk Road,Debit Card,19.27
131,131,Sacha,38711 Rutledge Avenue,Cash,52.72
132,132,Jeff,5 Moland Parkway,Cash,99.19
133,133,Dame,97 Vermont Pass,PayPal,30.61
134,134,Rosemary,293 Killdeer Trail,Unknown,32.87
135,135,Cyrillus,26585 Heffernan Lane,Debit Card,52.72
136,136,Earlie,Unknown,Debit Card,59.16
137,137,Farrell,12702 Kedzie Lane,Cash,52.72
138,138,Ulick,1 Manufacturers Junction,PayPal,92.23
139,139,Noah,42962 Truax Trail,Credit Card,56.39
140,140,Leia,733 Crest Line Center,PayPal,52.72
141,141,Bron,02533 Northview Trail,Unknown,33.63
142,142,Bengt,Unknown,Debit Card,85.94
143,143,Mile,085 Namekagon Court,Debit Card,67.58
144,144,Arlina,57986 Muir Place,Credit Card,82.23
145,145,Roddy,86567 Hauk Road,Unknown,62.38
146,146,Yoshiko,3 Cascade Crossing,Credit Card,97.7
147,147,Julio,7 Stuart Drive,PayPal,52.72
148,148,Regen,19804 Mayer Street,PayPal,62.76
149,149,Hobart,Unknown,Debit Card,52.72
150,150,Chlo,00 Harper Parkway,PayPal,10.9
151,151,Rosabella,0 Hagan Plaza,Credit Card,48.89
152,152,Catie,62 Mandrake Street,Cash,77.39
153,153,Edmon,2 2nd Trail,Debit Card,52.72
154,154,Christy,6 Melby Street,Unknown,27.89
155,155,Ali,3049 Memorial Way,Credit Card,43.36
156,156,Samson,8 Esker Park,Credit Card,67.0
157,157,Tandie,32 Forster Parkway,Debit Card,26.0
158,158,Troy,2 Granby Lane,Credit Card,52.38
159,159,Lorilyn,03 Meadow Vale Park,Debit Card,52.72
160,160,Zak,Unknown,PayPal,61.07
161,161,Maximilien,75069 New Castle Crossing,Debit Card,39.72
162,162,Fifine,27 Kingsford Road,Debit Card,81.43
163,163,Niles,10458 Morrow Junction,Cash,29.29
164,164,Abbye,353 Oak Center,Debit Card,93.64
165,165,Robenia,23 Scott Street,Cash,22.59
166,166,Myrna,788 Dexter Park,Credit Card,52.72
167,167,Tabbitha,25915 Eastwood Pass,Debit Card,52.72
168,168,Anna,66 Pawling Circle,PayPal,43.02
169,169,Cloris,67 Lerdahl Drive,Unknown,13.56
170,170,Giavani,1 Harper Crossing,Debit Card,49.75
171,171,Orelie,75942 Arkansas Crossing,PayPal,90.29
172,172,Sybyl,3107 Clemons Street,PayPal,33.54
173,173,Glynnis,53 Anniversary Street,Credit Card,52.72
174,174,Shaylynn,57 Vernon Point,Cash,27.69
175,175,Rich,14090 Jenna Pass,PayPal,53.51
176,176,Daile,Unknown,Unknown,43.6
177,177,Vikki,71 Jackson Parkway,Unknown,86.82
178,178,Maurie,65219 Banding Plaza,Cash,76.92
179,179,Cassandry,96283 Sloan Lane,Debit Card,31.47
180,180,Sloan,Unknown,Cash,16.87
181,181,Desi,56 Hudson Terrace,PayPal,52.72
182,182,Page,4448 Sage Court,Credit Card,84.91
183,183,Augustus,1 Golden Leaf Plaza,Unknown,75.35
184,184,Violet,Unknown,Cash,63.37
185,185,Karim,650 Arkansas Point,Unknown,52.72
186,186,Odo,729 Sheridan Street,PayPal,64.52
187,187,Garnette,772 Birchwood Place,Credit Card,30.38
188,188,Teodorico,Unknown,Credit Card,57.25
189,189,Zachary,72289 Di Loreto Street,Debit Card,72.12
190,190,Sabrina,9 High Crossing Circle,Cash,16.24
191,191,Jerry,32185 Declaration Alley,Debit Card,76.88
192,192,Ula,72512 Crownhardt Center,Debit Card,86.18
193,193,Kale,47463 Marquette Way,Credit Card,40.03
194,194,Jereme,2537 Sloan Parkway,Credit Card,45.64
195,195,Stephenie,95137 Becker Road,Unknown,55.64
196,196,Rhodia,58399 Colorado Lane,PayPal,36.09
197,197,Paulita,9452 Mallory Parkway,Credit Card,52.72
198,198,Bartram,82 Briar Crest Lane,Unknown,52.72
199,199,Bonnee,Unknown,PayPal,98.21
200,200,Gweneth,23702 Burrows Trail,Cash,33.58
201,201,Lyon,85 Morning Trail,Cash,64.84
202,202,Kellen,2415 Jenifer Alley,Debit Card,66.46
203,203,Samara,Unknown,Debit Card,33.52
204,204,Ernesto,8 3rd Crossing,Cash,15.38
205,205,Mortimer,47077 7th Center,Debit Card,52.72
206,206,Brianna,7 Ridgeway Alley,Cash,93.75
207,207,Barnard,16 Crowley Terrace,Debit Card,44.69
208,208,Marketa,22550 Sherman Junction,Debit Card,52.72
209,209,Jeffry,Unknown,Credit Card,65.81
210,210,Alison,Unknown,Debit Card,29.39
211,211,Ermin,Unknown,Unknown,52.72
212,212,Elfrieda,77117 Walton Lane,PayPal,84.19
213,213,Regan,Unknown,Credit Card,64.16
214,214,Grayce,52 Kings Avenue,Cash,68.47
215,215,Arni,Unknown,Credit Card,11.77
216,216,Bard,977 Fisk Street,Unknown,52.72
217,217,Hilarius,Unknown,Cash,52.72
218,218,Anna-diana,5 Rowland Place,Cash,35.55
219,219,Orton,Unknown,Unknown,38.99
220,220,Kristo,816 Golden Leaf Crossing,Debit Card,85.62
221,221,Jamil,25441 Melby Center,Credit Card,70.02
222,222,Homer,14 Hooker Junction,Credit Card,48.26
223,223,Talyah,3263 Maple Wood Pass,Cash,52.72
224,224,Neda,Unknown,Credit Card,20.0
225,225,Lori,86394 Del Sol Center,Debit Card,52.72
226,226,Elfie,58026 Stuart Road,Debit Card,28.53
227,227,Yoko,331 Grasskamp Lane,Cash,52.72
228,228,Sherrie,Unknown,Credit Card,13.3
229,229,Donalt,Unknown,Debit Card,54.2
230,230,Gerladina,3 Ilene Crossing,Debit Card,41.14
231,231,Camala,Unknown,Unknown,63.47
232,232,Devinne,77575 Browning Parkway,Unknown,41.79
233,233,Valli,Unknown,Unknown,95.49
234,234,Tymon,743 Petterle Plaza,PayPal,48.54
235,235,Alfons,8 Fairview Crossing,Cash,99.6
236,236,Donni,Unknown,Debit Card,32.65
237,237,Beulah,48364 Northview Alley,Cash,56.17
238,238,Sissie,55 Jenifer Circle,PayPal,72.43
239,239,Kalie,Unknown,PayPal,58.01
240,240,Van,633 Longview Drive,Credit Card,86.66
241,241,Benedicto,106 Prentice Road,Debit Card,56.99
242,242,Alfy,Unknown,Credit Card,52.72
243,243,Currie,56 Merrick Street,Cash,52.72
244,244,Caresse,415 Rigney Crossing,Cash,16.56
245,245,Gerrilee,Unknown,Debit Card,21.95
246,246,Casper,7 Service Drive,Cash,38.74
247,247,Harmonia,98 International Pass,PayPal,64.26
248,248,Venita,Unknown,Debit Card,29.94
249,249,Dante,40731 Di Loreto Road,Debit Card,22.74
250,250,Genevra,3490 Summerview Lane,Credit Card,68.51
251,251,Layton,433 Gale Avenue,Unknown,95.66
252,252,Arther,86706 Eastwood Crossing,Cash,61.51
253,253,Lou,Unknown,PayPal,19.94
254,254,Sarene,Unknown,PayPal,62.3
255,255,Kessia,51 Upham Street,Unknown,29.1
256,256,Everard,2969 Sundown Hill,Credit Card,51.84
257,257,Amata,180 Norway Maple Place,PayPal,52.72
258,258,Lexi,Unknown,PayPal,13.49
259,259,Marty,5453 Westridge Place,Credit Card,22.35
260,260,Terrence,40389 Dennis Avenue,Credit Card,16.42
261,261,Bartram,Unknown,Debit Card,86.52
262,262,Laurice,34033 Lukken Drive,PayPal,41.27
263,263,Ninette,313 Packers Hill,Credit Card,52.72
264,264,Lelah,Unknown,Debit Card,20.08
265,265,Mic,2 Sunnyside Place,Debit Card,66.19
266,266,Elston,9 Moulton Way,Debit Card,69.56
267,267,Arther,0 Drewry Crossing,Cash,82.64
268,268,Tiffani,986 Jackson Point,Unknown,48.31
269,269,Haze,46 Hansons Hill,Credit Card,97.63
270,270,Merrily,78 Mccormick Hill,PayPal,68.25
271,271,Smith,61864 Jana Trail,Debit Card,56.54
272,272,Querida,80183 Dovetail Parkway,Unknown,62.45
273,273,Sidoney,47911 Nova Circle,Debit Card,33.83
274,274,Brinna,8 Southridge Plaza,Credit Card,65.7
275,275,Hayden,2 Swallow Park,Debit Card,39.1
276,276,Osmund,Unknown,Debit Card,16.11
277,277,Prissie,104 Valley Edge Court,Credit Card,36.35
278,278,Milzie,53475 Shasta Court,Debit Card,88.99
279,279,Bonnibelle,Unknown,Credit Card,44.03
280,280,Thelma,Unknown,PayPal,91.65
281,281,Mei,760 Hansons Road,Cash,52.72
282,282,Clementius,7 Redwing Street,Debit Card,99.44
283,283,Aleta,Unknown,PayPal,44.22
284,284,Abra,7 Commercial Court,PayPal,34.51
285,285,Lynnet,5231 Mallory Circle,Debit Card,52.72
286,286,Finley,85 Graceland Hill,Credit Card,96.88
287,287,Felipa,57690 Ruskin Avenue,Credit Card,47.24
288,288,Brig,1 Farmco Junction,PayPal,41.29
289,289,Orlando,Unknown,Debit Card,52.72
290,290,Filmer,Unknown,Credit Card,52.34
291,291,Gilda,73 Grasskamp Street,Debit Card,97.9
292,292,Reece,56995 Johnson Park,PayPal,40.58
293,293,Mavra,53 Scoville Parkway,Unknown,72.83
294,294,Sofia,03755 Linden Place,PayPal,56.23
295,295,Haze,334 Eliot Trail,PayPal,23.41
296,296,Lauritz,83491 Laurel Park,PayPal,96.2
297,297,Tatum,9458 Melvin Hill,Debit Card,16.15
298,298,Fonz,05766 Cambridge Center,Credit Card,52.72
299,299,Ardine,51 Ronald Regan Alley,Unknown,83.47
300,300,Georgie,Unknown,Unknown,52.72
301,301,Amerigo,1245 Del Sol Lane,Debit Card,19.82
302,302,Nicki,965 Alpine Park,Unknown,52.72
303,303,Ewell,Unknown,Credit Card,92.75
304,304,Leese,560 Canary Terrace,PayPal,38.51
305,305,Livia,808 Kennedy Point,Debit Card,52.72
306,306,Sande,Unknown,Credit Card,98.78
307,307,Giffer,77 Killdeer Circle,Debit Card,30.04
308,308,Alanna,55553 Dexter Parkway,Debit Card,69.16
309,309,Lisle,Unknown,Unknown,34.0
310,310,Chantal,26 Oak Way,PayPal,78.43
311,311,Chester,7 Golden Leaf Drive,Unknown,45.41
312,312,Frankie,21126 Oriole Terrace,PayPal,12.06
313,313,Kassie,75106 Glacier Hill Drive,Debit Card,32.38
314,314,Christian,01278 Bay Pass,Cash,37.62
315,315,Hamel,Unknown,Cash,17.96
316,379,Kipp,0216 Dakota Lane,Debit Card,52.72
317,316,Brigg,9 Coleman Avenue,PayPal,13.86
318,317,Annemarie,1 Westridge Drive,Cash,76.76
319,318,Dalila,87825 Kinsman Point,Debit Card,52.72
320,319,My,5 Heffernan Junction,Unknown,75.74
321,320,Sebastien,7 Springview Point,Credit Card,33.79
322,321,Nickolas,900 Dorton Trail,Debit Card,41.64
323,322,Sarah,9 Thackeray Plaza,PayPal,52.72
324,323,Humberto,Unknown,PayPal,11.55
325,324,Erin,2724 American Ash Place,PayPal,65.95
326,325,Caitrin,33522 Esker Park,Cash,72.62
327,326,Edgar,69826 Sundown Crossing,PayPal,14.05
328,327,Caritta,Unknown,Debit Card,34.33
329,328,Earle,Unknown,Credit Card,22.91
330,329,Margette,67 Village Green Road,Unknown,44.27
331,330,Ophelie,38263 Hooker Alley,Unknown,38.19
332,331,Jermaine,566 Calypso Park,PayPal,29.44
333,332,Penny,74 Oriole Road,Debit Card,91.12
334,333,Melany,10 Gina Place,Credit Card,52.72
335,334,Indira,552 Scoville Way,Debit Card,52.72
336,335,Marven,355 Dahle Crossing,PayPal,21.07
337,336,Mortie,70184 Loftsgordon Lane,Credit Card,84.25
338,337,Delora,Unknown,PayPal,51.58
339,338,Adelle,02 Manufacturers Way,Cash,61.93
340,339,Culver,6 Del Sol Way,PayPal,80.96
341,340,Kinsley,Unknown,PayPal,15.94
342,341,Crista,51306 Ryan Terrace,Unknown,52.72
343,342,Brandyn,33 Susan Park,Cash,97.61
344,343,Jordana,Unknown,Credit Card,59.58
345,344,Maiga,19844 Maple Point,Debit Card,67.37
346,345,Ally,25 Sunbrook Alley,Cash,28.25
347,346,Erminie,7603 Lighthouse Bay Parkway,Unknown,52.72
348,347,Archibald,4196 Dwight Center,Credit Card,50.95
349,348,Madelaine,299 Gulseth Street,Credit Card,79.87
350,349,Esme,Unknown,PayPal,52.72
351,350,Waylen,8 2nd Center,PayPal,99.06
352,351,Cherri,Unknown,PayPal,33.04
353,352,Imojean,23516 Fordem Drive,Credit Card,52.72
354,353,Julienne,26847 Riverside Park,Credit Card,86.28
355,354,Leena,6396 Jana Way,Credit Card,19.85
356,355,Malina,40 Heath Crossing,Debit Card,98.68
357,356,Cammi,Unknown,Unknown,57.75
358,357,Orella,1 Washington Place,Debit Card,28.07
359,358,Lyn,Unknown,Unknown,59.1
360,359,Timmy,1499 Beilfuss Terrace,Unknown,23.2
361,360,Salli,78341 Gale Hill,Credit Card,23.84
362,361,Seana,Unknown,Credit Card,25.04
363,362,Tammi,64984 Meadow Vale Crossing,PayPal,89.71
364,363,Fianna,Unknown,Credit Card,40.7
365,364,Audi,Unknown,Credit Card,33.03
366,365,Ellette,92139 Del Mar Point,Credit Card,39.57
367,366,Olympie,Unknown,Cash,85.28
368,367,Sonnie,416 Garrison Junction,Cash,14.3
369,368,Dicky,Unknown,Credit Card,52.72
370,369,Babbie,05 Nancy Court,PayPal,52.72
371,370,Bradan,15 Comanche Terrace,PayPal,52.72
372,371,Stephana,5518 Upham Drive,PayPal,90.98
373,372,Pryce,8894 Calypso Street,Cash,38.67
374,373,Freedman,5 Lien Alley,PayPal,78.29
375,374,Aurlie,921 Petterle Lane,Credit Card,52.72
376,375,Cammie,Unknown,Debit Card,32.28
377,376,Noah,25073 Golf Avenue,Debit Card,35.89
378,377,Deva,3 Brown Parkway,Cash,93.47
379,378,Lorita,35 Fremont Pass,Credit Card,66.92
380,380,Edie,632 Eggendart Junction,Credit Card,62.01
381,381,Viki,3129 Esch Crossing,Cash,59.53
382,382,Joshia,43600 Hudson Hill,Cash,15.76
383,383,Alphard,Unknown,Credit Card,80.73
384,384,Patrica,9 Michigan Plaza,Unknown,34.47
385,385,Melantha,Unknown,Debit Card,86.3
386,386,Kirk,7 Dunning Alley,Credit Card,52.72
387,387,Elihu,8 Springview Lane,Debit Card,97.55
388,388,Fin,0 Rigney Street,Debit Card,47.78
389,389,Shalna,98 Hooker Junction,PayPal,36.44
390,390,Sergeant,Unknown,Credit Card,44.0
391,391,Sheelah,04835 Red Cloud Parkway,Credit Card,21.59
392,392,Elna,5 Becker Point,PayPal,52.72
393,393,Merilee,7758 Arapahoe Plaza,PayPal,68.54
394,394,Arman,75276 David Parkway,Debit Card,88.04
395,395,Janek,1 Graedel Terrace,Credit Card,52.72
396,396,Toinette,Unknown,PayPal,52.72
397,397,Meyer,901 Ridge Oak Hill,PayPal,70.5
398,398,Hortensia,437 School Junction,Cash,48.31
399,399,Doti,88 Hauk Point,Cash,62.31
400,400,Bobbie,37 Barnett Parkway,Credit Card,18.71
401,401,Othello,Unknown,PayPal,52.72
402,402,Sib,7579 Claremont Crossing,PayPal,24.64
403,403,Cletus,21017 Anzinger Pass,Cash,35.69
404,404,Way,Unknown,Debit Card,29.9
405,405,Donica,45256 Waubesa Crossing,Credit Card,17.91
406,406,Malory,5 Boyd Crossing,Credit Card,70.06
407,407,Adham,Unknown,PayPal,18.15
408,408,Cherry,15 Troy Center,Cash,33.79
409,409,Vinny,2 Rockefeller Point,Credit Card,50.3
410,410,Lennie,Unknown,Credit Card,52.72
411,411,Alfie,Unknown,Cash,52.64
412,412,Lynne,38777 Heath Center,PayPal,21.24
413,413,Barbra,Unknown,PayPal,62.11
414,414,Pasquale,Unknown,Unknown,72.9
415,415,Ekaterina,9575 Twin Pines Terrace,Credit Card,52.58
416,416,Letti,45661 Northwestern Circle,Cash,95.39
417,417,Linette,993 Springview Terrace,Credit Card,52.72
418,418,Shanon,9 Riverside Terrace,Cash,69.85
419,419,Jonathan,24438 West Lane,Credit Card,52.72
420,420,Verne,Unknown,Debit Card,70.99
421,421,Bette-ann,Unknown,PayPal,44.5
422,422,Lyndel,176 Springview Pass,PayPal,90.72
423,423,Muffin,7188 Hovde Plaza,PayPal,52.72
424,424,Lynnell,91 Fair Oaks Crossing,Debit Card,52.72
425,425,Wini,37635 Fallview Junction,Debit Card,42.94
426,426,Wilie,858 Coolidge Court,Unknown,52.72
427,427,Stuart,Unknown,Credit Card,31.89
428,428,Rafi,4 5th Road,Cash,49.84
429,429,Zandra,8 Oxford Way,Credit Card,64.87
430,430,Cris,55156 Utah Terrace,Debit Card,85.57
431,431,Mariam,Unknown,Cash,95.44
432,432,Bernardina,9 Coolidge Parkway,Cash,82.14
433,433,Charlie,7 Truax Terrace,Cash,70.97
434,434,Annemarie,54854 Lawn Trail,PayPal,44.39
435,435,Tadeo,Unknown,Debit Card,30.24
436,436,Alisha,010 Forest Run Parkway,Unknown,33.04
437,437,Kelsey,8 Pierstorff Road,Unknown,70.07
438,438,Danica,Unknown,Unknown,87.35
439,439,Grove,62288 Barnett Crossing,Cash,52.72
440,440,Gabbey,6322 Stoughton Crossing,Credit Card,84.97
441,441,Cherye,4 Melvin Avenue,Debit Card,28.63
442,442,Melvyn,5764 Mccormick Court,Credit Card,55.67
443,443,Kimberly,7 Kennedy Court,PayPal,52.72
444,444,Rudiger,Unknown,Cash,78.1
445,445,Raddy,945 Namekagon Center,Debit Card,16.41
446,446,Ker,1 Badeau Terrace,PayPal,78.0
447,447,Genevieve,Unknown,Unknown,39.9
448,448,Kimmie,71 Crowley Way,PayPal,59.03
449,449,Mel,4 Eagle Crest Street,Cash,17.36
450,450,Abe,049 Forest Dale Way,Debit Card,58.21
451,451,Lodovico,Unknown,PayPal,23.08
452,452,Marillin,2247 Mandrake Junction,Cash,26.76
453,453,Hanan,Unknown,Debit Card,13.92
454,454,Shaun,Unknown,PayPal,52.72
455,455,Eben,5014 Manufacturers Center,Cash,62.16
456,456,Merrily,5 Fremont Plaza,Credit Card,14.66
457,457,Gil,67628 Melvin Trail,PayPal,28.44
458,458,Dorry,9322 Johnson Way,PayPal,52.72
459,459,Kelby,3 Fairview Way,Cash,58.31
460,460,Marissa,Unknown,Debit Card,52.72
461,461,Lucretia,8 Porter Circle,Cash,34.73
462,462,Genovera,007 Debs Parkway,Debit Card,78.99
463,463,Miguelita,Unknown,Cash,25.55
464,464,Jannelle,Unknown,Debit Card,18.37
465,465,Isac,2649 Onsgard Court,Credit Card,52.72
466,466,Edy,262 Maple Wood Drive,Credit Card,78.87
467,467,Max,34 Butternut Circle,PayPal,52.72
468,468,Nollie,7724 Sherman Crossing,Credit Card,55.98
469,469,Heather,79 Carpenter Lane,Cash,56.68
470,470,Raynard,1 Harper Way,Cash,52.66
471,471,Vikky,2199 Nova Trail,Credit Card,98.44
472,472,Olympie,7754 Golf Course Court,Credit Card,29.55
473,473,Sabra,33505 Knutson Park,Cash,67.58
474,474,Melisande,9927 Ronald Regan Pass,Debit Card,93.83
475,475,Harv,47876 Nevada Point,PayPal,81.63
476,476,Pepe,Unknown,Credit Card,28.21
477,477,Ethyl,Unknown,Cash,71.89
478,478,Elisabeth,Unknown,Debit Card,45.54
479,479,Irwinn,930 Katie Terrace,PayPal,40.33
480,480,Burke,858 Hudson Road,Debit Card,52.72
481,481,Rene,Unknown,Cash,18.87
482,482,Matthieu,Unknown,PayPal,65.99
483,483,Sigfrid,71 Emmet Alley,PayPal,83.29
484,484,Terrill,Unknown,PayPal,91.36
485,485,Maxim,9 Russell Point,Unknown,52.72
486,486,Maddie,73490 Burrows Road,Credit Card,52.72
487,487,Redford,64962 Havey Crossing,Cash,52.72
488,488,Lana,88390 Browning Avenue,Debit Card,60.74
489,489,Muffin,1 Huxley Place,Credit Card,94.29
490,490,Leigha,48256 Village Green Junction,Debit Card,76.27
491,491,Nichole,8 Lakewood Gardens Center,Debit Card,28.09
492,492,Leontyne,1157 Sunfield Trail,Debit Card,36.09
493,493,Calv,50896 Monterey Drive,PayPal,52.72
494,494,Ahmad,1260 Lotheville Crossing,Credit Card,57.36
495,495,Mehetabel,21792 Tennyson Alley,Credit Card,23.7
496,496,Chev,622 Katie Point,Cash,38.46
497,497,Rancell,27473 Prentice Pass,Debit Card,10.67
498,498,Gretna,075 Drewry Hill,PayPal,92.32
499,499,Sharline,9 Jana Way,Credit Card,82.28
500,500,Rozele,9 Troy Plaza,Credit Card,52.72
