locationid,name,address,postalcode,country,region,city,latitude,longitude
1,Honorable,34 Ohio Road,10217,Dominican Republic,Europe,Las Terrenas,19.298333,-69.552325
2,Rev,18572 Lunder Hill,,China,Asia,Henglan,22.534707,113.249705
3,Ms,4 Gina Court,,Indonesia,Africa,Malapaubhara,-8.646700,121.124400
4,Mrs,7850 Sage Center,,China,Australia,Sanxi,37.242565,111.856859
5,Mr,11 Farragut Point,,Indonesia,South America,Parabon,-6.909872,107.195597
6,Dr,8 Lake View Center,,Nigeria,Africa,Tambawel,12.406999,4.647618
7,Honorable,40 Ohio Drive,,China,Europe,Dawan,39.917717,116.418465
8,Mr,73639 Dennis Terrace,93517 CEDEX,France,Africa,Montreuil,48.850577,2.427391
9,Mr,74 Forest Run Street,,China,North America,Shangmofang,30.460890,114.405281
10,Rev,3495 Mccormick Terrace,456796,Russia,Europe,Novogornyy,54.776793,56.039944
